{
  "date": "2022-09-27T20:32:16.362Z",
  "thumbnail": "/img/uploads/outono-estacao-blog-banner.png",
  "body": "S﻿e você compra e usa perfume importado, em algum momento você ouviu ou leu essas siglas: EDP, EDT e EDC\n\n<!--StartFragment-->\n\n### **M﻿as o quê elas representam?**\n\nEsses são termos utilizados para indicar a concentração de essência no perfume, ou seja, a porcentagem* misturadas à base (água deionizada e álcool) que formam a fragrância que usamos.\n\n![](https://lh5.googleusercontent.com/_C6YVUaAPEiNIWAOb7nNiyqr6QvtZSO9m73RDXNY2AW15eUb9Lc4koCupqUFEO3qRKJf2wcC0nmzHnPy-5KbVcJQghMOgJZC1GA1KscLHL50W942HZWx-e24aN1mmlqFVftfHYdEQhgEAzvTxWbJtWFiOIRGKxznbqlQEjwCcNxFQ4Jmb6KECdP31g)*os valores podem variar, pois a concentração é determinada pela casa da fragrância \n\nHá ainda o parfum (entre 15% a 40%), uma das versões mais concentradas de essência.\n\nO cologne e eau fraiche (2% a 5%), são mais leves, também conhecida popularmente como colônia ou Deo colônia (com ativos desodorizante)\n\nMas antes que você pense que o álcool está lá apenas para diluir a essência, saiba que ele possui um grande papel na perfumaria. Sem ele não haveria a “progressão e projeção de um perfume” como conhecemos, com cada nota ganhando destaque ao longo do tempo na pele. \n\n### A EDP dura mais na pele que a EDT? \n\nSim, mas isso não é uma regra universal. \n\nUma concentração maior de óleos essenciais demora mais tempo para evaporar, mas a duração de um perfume também está relacionada às notas dele. Um perfume pode ter concentração de eau de parfum e durar tanto (ou menos) quanto uma eau de toilette.\n\n![](https://lh3.googleusercontent.com/Qr8QvK5DgqdGAdS969Wb-UW3lzUye_g85BdQHexWX_xiJux7H0N_bJjKQoaS7PbnsALLAnUCUwNaY6EMdyOxCycab52AJHvu7wZN4e9hin23M_C7uEih0BUqDDOD17w2Kzzh75VB6eUsUUNspi3UQoB8wcuHY9bUIn_Ww_vXhmuNENqFxStSoVN2wA)\n\nUm dos fatores que faz o perfume durar mais é sua base. Quando ela é formada por madeiras leves e arbustos, é mais fresca, mas provavelmente irá durar menos. Quando sua base é mais “pesada”, com madeiras escuras, como o ébano, ou resinas animais, tende a durar mais.\n\n### A eau de parfum é melhor que a eau de toilette?\n\nO que determina a qualidade de um perfume importado não é a concentração da essência nele, mas sim a qualidade da essência.\n\nExtrações que preservam a pureza dos ingredientes, o investimento em tecnologia da marca, a capacidade de reprodução de óleos animais (que agora são reproduzidos em laboratório) e a raridade das essências são fatores que influenciam no preço de um e de outro perfume e também na sofisticação de um aroma.\n\nNaturalmente que, se um mesmo perfume possui uma versão EDT e uma EDP, a EDP deve ser um pouco mais cara, já que os óleos essenciais são mais caros na produção de um perfume. \n\nMas lembre-se: nem toda EDP é mais luxuosa que uma EDT.\n\n<!--EndFragment-->",
  "description": "Vamos descobrir o quê essas siglas representam?",
  "title": "DIFERENÇA ENTRE EDP, EPT E EDC",
  "meta_title": "Perfume e sua classificação",
  "meta_description": "principais diferenças entre edp, edt e edc",
  "sections": [
    {
      "type": "collection-shelf",
      "shuffle": false,
      "limit": 12,
      "page": 1,
      "collection_id": "623cb0be2e405e04fff905d9:categories:PERFUME:/perfume",
      "sort": "sales"
    }
  ]
}