{
  "marketing_stripe": {
    "text": "NÃO PERCA AS PROMOÇÕES DESTE MÊS!",
    "link": "",
    "background": "#363018",
    "color": "#ffffff"
  },
  "contacts_stripe": {
    "pages": [],
    "phone_wpp": true,
    "socials": true
  },
  "categories_list": {
    "featured": [
      "/perfume?PERFUME",
      "/acessorios?ACESSÓRIOS ",
      "/cuidados?CUIDADOS",
      "/maquiagem?MAQUIAGEM ",
      "/black-friday?OUTLET"
    ],
    "random": 4,
    "full_width": true
  },
  "desktop_megamenu": false,
  "search_input": true,
  "alphabetical_order_submenu": false,
  "full_width_submenu": false
}