{
  "meta_title": "Trendstock",
  "meta_description": "Perfumes e cosméticos importados",
  "sections": [
    {
      "type": "banner-slider",
      "autoplay": 9000,
      "full_width": true,
      "slides": [
        {
          "start": "",
          "end": "",
          "img": "/img/uploads/22d60779-a5ee-4774-a5cb-141ac8dd3a5f.png"
        }
      ]
    },
    {
      "type": "brands-carousel",
      "limit": 24,
      "offset": 0,
      "sort": null,
      "autoplay": ""
    },
    {
      "type": "dynamic-showcase",
      "load_more": true,
      "sort": "news"
    },
    {
      "type": "collection-shelf",
      "shuffle": true,
      "limit": 12,
      "page": 1,
      "collection_id": "6345bb7773321213f8a727ce:collections:PROMOÇÃO:/promocao",
      "sort": "news",
      "headless": false
    }
  ]
}